{
"lengthUnit": "mil",
"components": {
	"fields": ["COMPONENT_NO", "COMPONENT_NAME", "LAYER", "X_COORDINATE", "Y_COORDINATE", "ANGLE"],
	"rows": [
		[1, "CN1", "T", 65, -65, 0],
		[2, "CN2", "T", 585, -60, 0],
		[3, "CN3", "T", 475, -375, 0],
		[4, "CN4", "T", -45, -370, 0],
		[5, "CN5", "T", 235, -365, 0],
		[6, "CN6", "T", 700, -370, 0],
		[7, "H1", "T", 930, -200, 90],
		[8, "LED1", "T", 1075, -390, 90],
		[9, "LED2", "T", 1075, -145, 90],
		[10, "R1", "T", 1074.66, -269.66, 90],
		[11, "R2", "T", 1075, -20, 90],
		[12, "U1", "T", -340, -210, 270]
	]
},
"pins": {
	"fields": ["PIN_NO", "PIN_NAME", "PIN_X", "PIN_Y", "LAYER", "PIN_TYPE", "NET_NAME", "NET_TYPE", "PAD_SHAPE", "PAD_SIZEX", "PAD_SIZEY", "HOLE_SIZE", "PAD_ANGLE"],
	"rows": [
		[1, "CN1_1", -82.64, -65, "T", "DIP", "GND", "GND", "R", 60, 62.99, 43.31, 0],
		[2, "CN1_1", -82.64, -65, "B", "DIP", "GND", "GND", "R", 60, 62.99, 43.31, 0],
		[3, "CN1_2", 15.79, -65, "T", "DIP", "DIO", "", "C", 62.99, 62.99, 43.31, 0],
		[4, "CN1_2", 15.79, -65, "B", "DIP", "DIO", "", "C", 62.99, 62.99, 43.31, 0],
		[5, "CN1_3", 114.21, -65, "T", "DIP", "CLK", "", "C", 62.99, 62.99, 43.31, 0],
		[6, "CN1_3", 114.21, -65, "B", "DIP", "CLK", "", "C", 62.99, 62.99, 43.31, 0],
		[7, "CN1_4", 212.64, -65, "T", "DIP", "3V3", "", "C", 62.99, 62.99, 43.31, 0],
		[8, "CN1_4", 212.64, -65, "B", "DIP", "3V3", "", "C", 62.99, 62.99, 43.31, 0],
		[9, "CN2_1", 485, -60, "T", "DIP", "GND", "GND", "R", 62.99, 62.99, 39.37, 0],
		[10, "CN2_1", 485, -60, "B", "DIP", "GND", "GND", "R", 62.99, 62.99, 39.37, 0],
		[11, "CN2_2", 585, -60, "T", "DIP", "RX", "", "C", 62.99, 62.99, 39.37, 0],
		[12, "CN2_2", 585, -60, "B", "DIP", "RX", "", "C", 62.99, 62.99, 39.37, 0],
		[13, "CN2_3", 685, -60, "T", "DIP", "TX", "", "C", 62.99, 62.99, 39.37, 0],
		[14, "CN2_3", 685, -60, "B", "DIP", "TX", "", "C", 62.99, 62.99, 39.37, 0],
		[15, "CN3_1", 455.31, -298.72, "T", "SMD", "GND", "GND", "R", 23.62, 61.02, 0, 0],
		[16, "CN3_2", 494.69, -298.72, "T", "SMD", "5V", "", "R", 23.62, 61.02, 0, 0],
		[17, "CN3_3", 545.87, -451.28, "T", "SMD", "CN3_3", "", "R", 47.24, 70.87, 0, 0],
		[18, "CN3_4", 404.13, -451.28, "T", "SMD", "CN3_4", "", "R", 47.24, 70.87, 0, 0],
		[19, "CN4_1", -104.06, -303.07, "T", "SMD", "GND", "GND", "R", 66.93, 23.62, 0, 90],
		[20, "CN4_2", -64.69, -303.07, "T", "SMD", "DIO", "", "R", 66.93, 23.62, 0, 90],
		[21, "CN4_3", -25.32, -303.07, "T", "SMD", "CLK", "", "R", 66.93, 23.62, 0, 90],
		[22, "CN4_4", 14.05, -303.07, "T", "SMD", "3V3", "", "R", 66.93, 23.62, 0, 90],
		[23, "CN4_5", 65.23, -436.93, "T", "SMD", "CN4_5", "", "R", 98.42, 47.24, 0, 270],
		[24, "CN4_6", -155.24, -436.93, "T", "SMD", "CN4_6", "", "R", 98.42, 47.24, 0, 270],
		[25, "CN5_1", 195.63, -292.17, "T", "SMD", "GND", "GND", "R", 66.93, 23.62, 0, 90],
		[26, "CN5_2", 235, -292.17, "T", "SMD", "RX", "", "R", 66.93, 23.62, 0, 90],
		[27, "CN5_3", 274.37, -292.17, "T", "SMD", "TX", "", "R", 66.93, 23.62, 0, 90],
		[28, "CN5_4", 325.55, -437.83, "T", "SMD", "CN5_4", "", "R", 98.42, 47.24, 0, 270],
		[29, "CN5_5", 144.45, -437.83, "T", "SMD", "CN5_5", "", "R", 98.42, 47.24, 0, 270],
		[30, "CN6_1", 680.31, -293.72, "T", "SMD", "GND", "GND", "R", 23.62, 61.02, 0, 0],
		[31, "CN6_2", 719.69, -293.72, "T", "SMD", "3V3", "", "R", 23.62, 61.02, 0, 0],
		[32, "CN6_3", 770.87, -446.28, "T", "SMD", "CN6_3", "", "R", 47.24, 70.87, 0, 0],
		[33, "CN6_4", 629.13, -446.28, "T", "SMD", "CN6_4", "", "R", 47.24, 70.87, 0, 0],
		[34, "H1_1", 980, -400, "T", "DIP", "5V", "", "R", 66.93, 66.93, 43.31, 90],
		[35, "H1_1", 980, -400, "B", "DIP", "5V", "", "R", 66.93, 66.93, 43.31, 90],
		[36, "H1_2", 880, -400, "T", "DIP", "5V", "", "C", 66.93, 66.93, 43.31, 90],
		[37, "H1_2", 880, -400, "B", "DIP", "5V", "", "C", 66.93, 66.93, 43.31, 90],
		[38, "H1_3", 980, -300, "T", "DIP", "3V3", "", "C", 66.93, 66.93, 43.31, 90],
		[39, "H1_3", 980, -300, "B", "DIP", "3V3", "", "C", 66.93, 66.93, 43.31, 90],
		[40, "H1_4", 880, -300, "T", "DIP", "3V3", "", "C", 66.93, 66.93, 43.31, 90],
		[41, "H1_4", 880, -300, "B", "DIP", "3V3", "", "C", 66.93, 66.93, 43.31, 90],
		[42, "H1_5", 980, -200, "T", "DIP", "GND", "GND", "C", 66.93, 66.93, 43.31, 90],
		[43, "H1_5", 980, -200, "B", "DIP", "GND", "GND", "C", 66.93, 66.93, 43.31, 90],
		[44, "H1_6", 880, -200, "T", "DIP", "GND", "GND", "C", 66.93, 66.93, 43.31, 90],
		[45, "H1_6", 880, -200, "B", "DIP", "GND", "GND", "C", 66.93, 66.93, 43.31, 90],
		[46, "H1_7", 980, -100, "T", "DIP", "TX", "", "C", 66.93, 66.93, 43.31, 90],
		[47, "H1_7", 980, -100, "B", "DIP", "TX", "", "C", 66.93, 66.93, 43.31, 90],
		[48, "H1_8", 880, -100, "T", "DIP", "CLK", "", "C", 66.93, 66.93, 43.31, 90],
		[49, "H1_8", 880, -100, "B", "DIP", "CLK", "", "C", 66.93, 66.93, 43.31, 90],
		[50, "H1_9", 980, 0, "T", "DIP", "RX", "", "C", 66.93, 66.93, 43.31, 90],
		[51, "H1_9", 980, 0, "B", "DIP", "RX", "", "C", 66.93, 66.93, 43.31, 90],
		[52, "H1_10", 880, 0, "T", "DIP", "DIO", "", "C", 66.93, 66.93, 43.31, 90],
		[53, "H1_10", 880, 0, "B", "DIP", "DIO", "", "C", 66.93, 66.93, 43.31, 90],
		[54, "LED1_1", 1075.13, -421.48, "T", "SMD", "GND", "GND", "R", 31.5, 31.5, 0, 180],
		[55, "LED1_2", 1074.86, -358.52, "T", "SMD", "$1N1305", "", "R", 31.5, 31.5, 0, 180],
		[56, "LED2_1", 1075.13, -176.48, "T", "SMD", "GND", "GND", "R", 31.5, 31.5, 0, 180],
		[57, "LED2_2", 1074.86, -113.52, "T", "SMD", "$1N1399", "", "R", 31.5, 31.5, 0, 180],
		[58, "R1_1", 1074.66, -299.32, "T", "SMD", "$1N1305", "", "R", 31.75, 34.02, 0, 90],
		[59, "R1_2", 1074.66, -240, "T", "SMD", "5V", "", "R", 31.75, 34.02, 0, 90],
		[60, "R2_1", 1075, -49.66, "T", "SMD", "$1N1399", "", "R", 31.75, 34.02, 0, 90],
		[61, "R2_2", 1075, 9.66, "T", "SMD", "3V3", "", "R", 31.75, 34.02, 0, 90],
		[62, "U1_1", -290, -10, "T", "DIP", "5V", "", "R", 70, 70, 50, 270],
		[63, "U1_1", -290, -10, "B", "DIP", "5V", "", "R", 70, 70, 50, 270],
		[64, "U1_2", -390, -10, "T", "DIP", "TX", "", "C", 70, 70, 50, 270],
		[65, "U1_2", -390, -10, "B", "DIP", "TX", "", "C", 70, 70, 50, 270],
		[66, "U1_3", -290, -110, "T", "DIP", "3V3", "", "C", 70, 70, 50, 270],
		[67, "U1_3", -290, -110, "B", "DIP", "3V3", "", "C", 70, 70, 50, 270],
		[68, "U1_4", -390, -110, "T", "DIP", "RX", "", "C", 70, 70, 50, 270],
		[69, "U1_4", -390, -110, "B", "DIP", "RX", "", "C", 70, 70, 50, 270],
		[70, "U1_5", -290, -210, "T", "DIP", "GND", "GND", "C", 70, 70, 50, 270],
		[71, "U1_5", -290, -210, "B", "DIP", "GND", "GND", "C", 70, 70, 50, 270],
		[72, "U1_6", -390, -210, "T", "DIP", "RST", "", "C", 70, 70, 50, 270],
		[73, "U1_6", -390, -210, "B", "DIP", "RST", "", "C", 70, 70, 50, 270],
		[74, "U1_7", -290, -310, "T", "DIP", "CLK", "", "C", 70, 70, 50, 270],
		[75, "U1_7", -290, -310, "B", "DIP", "CLK", "", "C", 70, 70, 50, 270],
		[76, "U1_8", -390, -310, "T", "DIP", "TDI", "", "C", 70, 70, 50, 270],
		[77, "U1_8", -390, -310, "B", "DIP", "TDI", "", "C", 70, 70, 50, 270],
		[78, "U1_9", -290, -410, "T", "DIP", "DIO", "", "C", 70, 70, 50, 270],
		[79, "U1_9", -290, -410, "B", "DIP", "DIO", "", "C", 70, 70, 50, 270],
		[80, "U1_10", -390, -410, "T", "DIP", "TDO", "", "C", 70, 70, 50, 270],
		[81, "U1_10", -390, -410, "B", "DIP", "TDO", "", "C", 70, 70, 50, 270]
	]
}
}